{"count":1,"self":8769.3303808,"total":66202.2522781,"children":{"InitializeActuators":{"count":1,"self":0.001995,"total":0.001995,"children":null},"InitializeSensors":{"count":1,"self":0.0049867999999999996,"total":0.0049867999999999996,"children":null},"AgentSendState":{"count":25706404,"self":44.050703999999996,"total":3671.6132921,"children":{"CollectObservations":{"count":5141281,"self":102.4278336,"total":102.427831,"children":null},"WriteActionMask":{"count":5141281,"self":3.0263796,"total":3.0263796999999997,"children":null},"RequestDecision":{"count":5141281,"self":13.0738424,"total":3522.1083774999997,"children":{"AgentInfo.ToProto":{"count":5141281,"self":22.748207999999998,"total":3509.0345347999996,"children":{"GenerateSensorData":{"count":5141281,"self":153.1340672,"total":3486.286326,"children":{"CameraSensor.GetCompressedObservation":{"count":5141281,"self":3333.1523583999997,"total":3333.1522584,"children":null}}}}}}}}},"DecideAction":{"count":25706404,"self":51684.4060672,"total":51684.407035799995,"children":null},"AgentAct":{"count":25706404,"self":747.6412416,"total":2076.8703789,"children":{"AgentInfo.ToProto":{"count":1943391,"self":9.46236,"total":1329.2291235,"children":{"GenerateSensorData":{"count":1943391,"self":57.7199744,"total":1319.7667634,"children":{"CameraSensor.GetCompressedObservation":{"count":1943391,"self":1262.0468223999999,"total":1262.046789,"children":null}}}}}}}},"gauges":{"carconavoid.CumulativeReward":{"count":1943391,"max":4.9405,"min":-2005.19751,"runningAverage":-1.29598856,"value":-1.015,"weightedAverage":-1.01173115}},"metadata":{"timer_format_version":"0.1.0","start_time_seconds":"1658905509","unity_version":"2020.3.3f1c1","command_line_arguments":"D:\\RL_SR\\envs\\dyobsavoidv2\\car_seg_avoid.exe -nographics -batchmode --mlagents-port 5005 -logFile D:\\RL_SR_DATA\\results\\dynamicobsavoid\\ppo_car_static_avoid1\\run_logs\\Player-0.log","communication_protocol_version":"1.5.0","com.unity.ml-agents_version":"2.0.0-exp.1","scene_name":"car","end_time_seconds":"1658971711"}}