{"count":1,"self":12408.455987199999,"total":75817.8862004,"children":{"InitializeActuators":{"count":1,"self":0.0019943,"total":0.0019943,"children":null},"InitializeSensors":{"count":1,"self":0.0049686,"total":0.0049686,"children":null},"AgentSendState":{"count":42991811,"self":62.5243968,"total":5535.2978256,"children":{"CollectObservations":{"count":8598363,"self":145.6709632,"total":145.67096429999998,"children":null},"WriteActionMask":{"count":8598363,"self":4.4701232,"total":4.4701233,"children":null},"RequestDecision":{"count":8598363,"self":17.824121599999998,"total":5322.6323414,"children":{"AgentInfo.ToProto":{"count":8598363,"self":32.314636799999995,"total":5304.808219,"children":{"GenerateSensorData":{"count":8598363,"self":220.9068288,"total":5272.4935811,"children":{"CameraSensor.GetCompressedObservation":{"count":8598363,"self":5051.58656,"total":5051.5867462,"children":null}}}}}}}}},"DecideAction":{"count":42991811,"self":56433.8688,"total":56433.8719504,"children":null},"AgentAct":{"count":42991811,"self":1018.8317695999999,"total":1440.2441101,"children":{"AgentInfo.ToProto":{"count":687654,"self":2.8856167999999998,"total":421.41234479999997,"children":{"GenerateSensorData":{"count":687654,"self":17.430951999999998,"total":418.52672809999996,"children":{"CameraSensor.GetCompressedObservation":{"count":687654,"self":401.09578239999996,"total":401.0957762,"children":null}}}}}}}},"gauges":{"carconavoid.CumulativeReward":{"count":687654,"max":4.87999964,"min":-2000.19653,"runningAverage":-1.66895866,"value":-1.00001872,"weightedAverage":-1.00001884}},"metadata":{"timer_format_version":"0.1.0","start_time_seconds":"1659520885","unity_version":"2020.3.3f1c1","command_line_arguments":"D:\\RL_SR\\envs\\dyobsavoidv2\\car_seg_avoid.exe -nographics -batchmode --mlagents-port 5005 -logFile D:\\RL_SR_DATA\\results\\dynamicobsavoid\\ppo_car_static_avoid9\\run_logs\\Player-0.log","communication_protocol_version":"1.5.0","com.unity.ml-agents_version":"2.0.0-exp.1","scene_name":"car","end_time_seconds":"1659596702"}}