{"count":1,"self":2885.0636799999997,"total":57955.1564037,"children":{"InitializeActuators":{"count":1,"self":0.0019954,"total":0.0019954,"children":null},"InitializeSensors":{"count":1,"self":0.0049867999999999996,"total":0.0049867999999999996,"children":null},"AgentSendState":{"count":9197893,"self":16.1274816,"total":1280.0107474,"children":{"CollectObservations":{"count":1839579,"self":36.350463999999995,"total":36.3504632,"children":null},"WriteActionMask":{"count":1839579,"self":1.2502526,"total":1.2502526,"children":null},"RequestDecision":{"count":1839579,"self":4.5313175999999995,"total":1226.2825501,"children":{"AgentInfo.ToProto":{"count":1839579,"self":8.0579416,"total":1221.7512325999999,"children":{"GenerateSensorData":{"count":1839579,"self":50.3396896,"total":1213.6932913,"children":{"CameraSensor.GetCompressedObservation":{"count":1839579,"self":1163.3536,"total":1163.3536027999999,"children":null}}}}}}}}},"DecideAction":{"count":9197893,"self":52764.884992,"total":52764.8863137,"children":null},"AgentAct":{"count":9197893,"self":271.18208,"total":1025.1587457,"children":{"AgentInfo.ToProto":{"count":1118135,"self":5.477524,"total":753.9766767,"children":{"GenerateSensorData":{"count":1118135,"self":32.822944,"total":748.4991529,"children":{"CameraSensor.GetCompressedObservation":{"count":1118135,"self":715.6762112,"total":715.6762094,"children":null}}}}}}}},"gauges":{"carconavoid.CumulativeReward":{"count":1118135,"max":4.9415,"min":-2000.197,"runningAverage":-1.07130265,"value":-1.0005,"weightedAverage":-1.00093794}},"metadata":{"timer_format_version":"0.1.0","start_time_seconds":"1659236962","unity_version":"2020.3.3f1c1","command_line_arguments":"D:\\RL_SR\\envs\\dyobsavoidv2\\car_seg_avoid.exe -nographics -batchmode --mlagents-port 5008 -logFile D:\\RL_SR_DATA\\results\\dynamicobsavoid\\ppo_car_static_avoid5\\run_logs\\Player-3.log","communication_protocol_version":"1.5.0","com.unity.ml-agents_version":"2.0.0-exp.1","scene_name":"car","end_time_seconds":"1659294917"}}