{"count":1,"self":2985.255936,"total":81337.2087429,"children":{"InitializeActuators":{"count":1,"self":0.0029912999999999997,"total":0.0029912999999999997,"children":null},"InitializeSensors":{"count":1,"self":0.0049867,"total":0.0049867,"children":null},"AgentSendState":{"count":10676794,"self":18.269735999999998,"total":1458.7318481999998,"children":{"CollectObservations":{"count":2135359,"self":34.7878976,"total":34.7878983,"children":null},"WriteActionMask":{"count":2135359,"self":1.2165508,"total":1.2165508,"children":null},"RequestDecision":{"count":2135359,"self":5.0627884,"total":1404.4576625,"children":{"AgentInfo.ToProto":{"count":2135359,"self":10.1007144,"total":1399.3948739999998,"children":{"GenerateSensorData":{"count":2135359,"self":57.971199999999996,"total":1389.2941593,"children":{"CameraSensor.GetCompressedObservation":{"count":2135359,"self":1331.3229824,"total":1331.3229601,"children":null}}}}}}}}},"DecideAction":{"count":10676794,"self":76583.2855552,"total":76583.2855539,"children":null},"AgentAct":{"count":10676794,"self":269.5954688,"total":309.91551419999996,"children":{"AgentInfo.ToProto":{"count":60060,"self":0.2502066,"total":40.320049399999995,"children":{"GenerateSensorData":{"count":60060,"self":1.670027,"total":40.069842799999996,"children":{"CameraSensor.GetCompressedObservation":{"count":60060,"self":38.3998144,"total":38.3998158,"children":null}}}}}}}},"gauges":{"carconavoid.CumulativeReward":{"count":60060,"max":10,"min":-2,"runningAverage":0.190960035,"value":-1,"weightedAverage":0.7799214}},"metadata":{"timer_format_version":"0.1.0","start_time_seconds":"1660615760","unity_version":"2020.3.3f1c1","command_line_arguments":"D:\\RL_SR\\envs\\dyobs2\\car_seg_avoid.exe -nographics -batchmode --mlagents-port 5006 -logFile D:\\RL_SR_DATA\\results\\dynamdyobs2\\dyobs2_14\\run_logs\\Player-1.log","communication_protocol_version":"1.5.0","com.unity.ml-agents_version":"2.0.0-exp.1","scene_name":"car","end_time_seconds":"1660697097"}}