{"count":1,"self":511.38355199999995,"total":21172.8967747,"children":{"InitializeActuators":{"count":1,"self":0.0019944,"total":0.0019944,"children":null},"InitializeSensors":{"count":1,"self":0.0029920999999999997,"total":0.0029920999999999997,"children":null},"AgentSendState":{"count":1991487,"self":24.7704448,"total":48.929770399999995,"children":{"CollectObservations":{"count":398298,"self":8.5957335999999991,"total":8.5957335999999991,"children":null},"WriteActionMask":{"count":398298,"self":0.2923028,"total":0.2923028,"children":null},"RequestDecision":{"count":398298,"self":1.0474409999999998,"total":15.2712898,"children":{"AgentInfo.ToProto":{"count":398298,"self":1.8497337999999999,"total":14.223848799999999,"children":{"GenerateSensorData":{"count":398298,"self":11.846071199999999,"total":12.374115,"children":{"RayPerceptionSensor.Perceive":{"count":398298,"self":0.5280437,"total":0.5280437,"children":null}}}}}}}}},"DecideAction":{"count":1991487,"self":20548.7243264,"total":20548.7248487,"children":null},"AgentAct":{"count":1991487,"self":60.596217599999996,"total":63.8476114,"children":{"AgentInfo.ToProto":{"count":96909,"self":0.4075649,"total":3.2513964,"children":{"GenerateSensorData":{"count":96909,"self":2.6412996,"total":2.8438315,"children":{"RayPerceptionSensor.Perceive":{"count":96909,"self":0.20253179999999998,"total":0.20253179999999998,"children":null}}}}}}}},"gauges":{"staticavoid.CumulativeReward":{"count":96909,"max":-382.217834,"min":-14451.4023,"runningAverage":-477.861755,"value":-422.4576,"weightedAverage":-430.801819}},"metadata":{"timer_format_version":"0.1.0","start_time_seconds":"1655944879","unity_version":"2020.3.3f1c1","command_line_arguments":"D:\\RL_SR\\envs\\staticavoid\\car_seg_avoid.exe -nographics -batchmode --mlagents-port 5013 -logFile D:\\RL_SR_DATA\\results\\staticavoid\\sac_car_static_avoid32\\run_logs\\Player-8.log","communication_protocol_version":"1.5.0","com.unity.ml-agents_version":"2.0.0-exp.1","scene_name":"static avoid tarch","end_time_seconds":"1655966052"}}