{"count":1,"self":549.7146368,"total":15843.4114254,"children":{"InitializeActuators":{"count":1,"self":0.0019946,"total":0.0019946,"children":null},"InitializeSensors":{"count":1,"self":0.0059841999999999994,"total":0.0059841999999999994,"children":null},"AgentSendState":{"count":2343788,"self":177.879936,"total":1617.5457881999998,"children":{"CollectObservations":{"count":468758,"self":9.6282664,"total":9.6282664,"children":null},"WriteActionMask":{"count":468758,"self":0.2359802,"total":0.2359802,"children":null},"RequestDecision":{"count":468758,"self":1.0941007999999999,"total":1429.8016073,"children":{"AgentInfo.ToProto":{"count":468758,"self":1.8710782,"total":1428.7075065,"children":{"GenerateSensorData":{"count":468758,"self":61.160799999999995,"total":1426.8364282999999,"children":{"CameraSensor.GetCompressedObservation":{"count":1406274,"self":1360.5846016,"total":1360.5845528,"children":null},"RayPerceptionSensor.Perceive":{"count":468758,"self":5.091074,"total":5.091074,"children":null}}}}}}}}},"DecideAction":{"count":2343788,"self":13583.272345599999,"total":13583.2727322,"children":null},"AgentAct":{"count":2343788,"self":75.2555776,"total":92.8112213,"children":{"AgentInfo.ToProto":{"count":5631,"self":0.019811,"total":17.555643399999997,"children":{"GenerateSensorData":{"count":5631,"self":0.7992693,"total":17.5358324,"children":{"CameraSensor.GetCompressedObservation":{"count":16893,"self":16.681529599999998,"total":16.6815299,"children":null},"RayPerceptionSensor.Perceive":{"count":5631,"self":0.0550332,"total":0.0550332,"children":null}}}}}}}},"gauges":{"carconavoid.CumulativeReward":{"count":5631,"max":4.948,"min":-1.97801769,"runningAverage":3.036279,"value":4.944,"weightedAverage":4.94374275}},"metadata":{"timer_format_version":"0.1.0","start_time_seconds":"1652341678","unity_version":"2020.3.3f1c1","command_line_arguments":"D:\\RL_SR\\envs\\unknown_target_place_6_obs\\car_seg_avoid.exe --mlagents-port 5005 -logFile D:\\RL_SR_DATA\\results\\sac_car_unknow_target_place\\run_logs\\Player-0.log","communication_protocol_version":"1.5.0","com.unity.ml-agents_version":"2.0.0-exp.1","scene_name":"car3carma","end_time_seconds":"1652357519"}}