{"count":1,"self":185.67912959999998,"total":7044.2716064999995,"children":{"InitializeActuators":{"count":1,"self":0.0019949,"total":0.0019949,"children":null},"InitializeSensors":{"count":1,"self":0.0049873,"total":0.0049873,"children":null},"AgentSendState":{"count":805034,"self":67.2445888,"total":336.96134689999997,"children":{"CollectObservations":{"count":161009,"self":3.6744915999999996,"total":3.6744915,"children":null},"WriteActionMask":{"count":161009,"self":0.0958125,"total":0.0958125,"children":null},"RequestDecision":{"count":161009,"self":0.4919112,"total":265.9464552,"children":{"AgentInfo.ToProto":{"count":161009,"self":0.8284364,"total":265.454544,"children":{"GenerateSensorData":{"count":161009,"self":15.939241599999999,"total":264.6261076,"children":{"CameraSensor.GetCompressedObservation":{"count":483027,"self":246.8249088,"total":246.8249138,"children":null},"RayPerceptionSensor.Perceive":{"count":161009,"self":1.8619523999999998,"total":1.8619523999999998,"children":null}}}}}}}}},"DecideAction":{"count":805034,"self":6492.7199231999994,"total":6492.7200082,"children":null},"AgentAct":{"count":805034,"self":21.093361599999998,"total":28.8971301,"children":{"AgentInfo.ToProto":{"count":4686,"self":0.0259323,"total":7.8037681999999995,"children":{"GenerateSensorData":{"count":4686,"self":0.47253789999999996,"total":7.7778358999999995,"children":{"CameraSensor.GetCompressedObservation":{"count":14058,"self":7.2583823999999995,"total":7.2583823,"children":null},"RayPerceptionSensor.Perceive":{"count":4686,"self":0.0469157,"total":0.0469157,"children":null}}}}}}}},"gauges":{"carconavoid.CumulativeReward":{"count":4686,"max":4.951,"min":-1.88051319,"runningAverage":4.754496,"value":4.951,"weightedAverage":4.950138}},"metadata":{"timer_format_version":"0.1.0","start_time_seconds":"1653797973","unity_version":"2020.3.3f1c1","command_line_arguments":"D:\\RL_SR\\envs\\unknown_target_place_6_obs\\car_seg_avoid.exe -nographics -batchmode --mlagents-port 5007 -logFile D:\\RL_SR_DATA\\results\\poca_car_unknow_target_place6\\run_logs\\Player-2.log","communication_protocol_version":"1.5.0","com.unity.ml-agents_version":"2.0.0-exp.1","scene_name":"car3carma","end_time_seconds":"1653805016"}}