{"count":1,"self":1754.0265984,"total":22559.5904074,"children":{"InitializeActuators":{"count":1,"self":0.0019912,"total":0.0019912,"children":null},"InitializeSensors":{"count":1,"self":0.0049869,"total":0.0049869,"children":null},"AgentSendState":{"count":7080208,"self":560.944128,"total":5347.4017727,"children":{"CollectObservations":{"count":1416042,"self":27.1413312,"total":27.1413318,"children":null},"WriteActionMask":{"count":1416042,"self":0.8613242,"total":0.8613242,"children":null},"RequestDecision":{"count":1416042,"self":3.6784584,"total":4758.4549765,"children":{"AgentInfo.ToProto":{"count":1416042,"self":6.1832952,"total":4754.7765180999995,"children":{"GenerateSensorData":{"count":1416042,"self":209.345216,"total":4748.5932226999994,"children":{"CameraSensor.GetCompressedObservation":{"count":4248126,"self":4523.3905663999994,"total":4523.3904334,"children":null},"RayPerceptionSensor.Perceive":{"count":1416042,"self":15.857571199999999,"total":15.8575713,"children":null}}}}}}}}},"DecideAction":{"count":7080208,"self":15046.5445888,"total":15046.544487,"children":null},"AgentAct":{"count":7080208,"self":215.61292799999998,"total":411.6095241,"children":{"AgentInfo.ToProto":{"count":62104,"self":0.2876315,"total":195.9965878,"children":{"GenerateSensorData":{"count":62104,"self":8.1713712,"total":195.70895629999998,"children":{"CameraSensor.GetCompressedObservation":{"count":186312,"self":186.8344704,"total":186.8344653,"children":null},"RayPerceptionSensor.Perceive":{"count":62104,"self":0.70312009999999991,"total":0.70312009999999991,"children":null}}}}}}}},"gauges":{"carconavoid.CumulativeReward":{"count":62104,"max":4.951,"min":-1.985518,"runningAverage":4.910263,"value":4.95,"weightedAverage":4.949999}},"metadata":{"timer_format_version":"0.1.0","start_time_seconds":"1652267067","unity_version":"2020.3.3f1c1","command_line_arguments":"D:\\RL_SR\\envs\\unknown_target_place_6_obs\\car_seg_avoid.exe --mlagents-port 5005 -logFile D:\\RL_SR\\results\\car_unknow_target_place5\\run_logs\\Player-0.log","communication_protocol_version":"1.5.0","com.unity.ml-agents_version":"2.0.0-exp.1","scene_name":"car3carma","end_time_seconds":"1652289626"}}