{"count":1,"self":2200.5098496,"total":93981.587223,"children":{"InitializeActuators":{"count":1,"self":0.001992,"total":0.001992,"children":null},"InitializeSensors":{"count":1,"self":0.0049865,"total":0.0049865,"children":null},"AgentSendState":{"count":8241544,"self":511.5961344,"total":1685.0113101,"children":{"CollectObservations":{"count":1648309,"self":26.3653184,"total":26.3653186,"children":null},"WriteActionMask":{"count":1648309,"self":0.88110369999999993,"total":0.88110369999999993,"children":null},"RequestDecision":{"count":1648309,"self":4.173182,"total":1146.1687775,"children":{"AgentInfo.ToProto":{"count":1648309,"self":8.410892,"total":1141.9955956,"children":{"GenerateSensorData":{"count":1648309,"self":72.803808,"total":1133.5847033,"children":{"CameraSensor.GetCompressedObservation":{"count":1648309,"self":1049.7394688,"total":1049.7394927999999,"children":null},"RayPerceptionSensor.Perceive":{"count":1648309,"self":11.041402399999999,"total":11.041402699999999,"children":null}}}}}}}}},"DecideAction":{"count":8241544,"self":89828.917248,"total":89828.9140224,"children":null},"AgentAct":{"count":8241544,"self":221.78227199999998,"total":267.1241629,"children":{"AgentInfo.ToProto":{"count":63708,"self":0.31634229999999997,"total":45.3418924,"children":{"GenerateSensorData":{"count":63708,"self":2.8642567999999997,"total":45.0255501,"children":{"CameraSensor.GetCompressedObservation":{"count":63708,"self":41.755334399999995,"total":41.755336,"children":null},"RayPerceptionSensor.Perceive":{"count":63708,"self":0.40595729999999997,"total":0.40595729999999997,"children":null}}}}}}}},"gauges":{"carconavoid.CumulativeReward":{"count":63708,"max":5,"min":-2,"runningAverage":3.04600477,"value":5,"weightedAverage":4.940673}},"metadata":{"timer_format_version":"0.1.0","start_time_seconds":"1661736571","unity_version":"2020.3.3f1c1","command_line_arguments":"D:\\RL_SR\\envs\\dyobs3\\car_seg_avoid.exe -nographics -batchmode --mlagents-port 5013 -logFile D:\\RL_SR_DATA\\results\\dynamdyobs3\\dyobs3_20\\run_logs\\Player-0.log","communication_protocol_version":"1.5.0","com.unity.ml-agents_version":"2.0.0-exp.1","scene_name":"car","end_time_seconds":"1661830551"}}