{"count":1,"self":2455.2607743999997,"total":470251.5271452,"children":{"InitializeActuators":{"count":1,"self":0.0019943,"total":0.0019943,"children":null},"InitializeSensors":{"count":1,"self":0.0029922,"total":0.0029922,"children":null},"AgentSendState":{"count":8279801,"self":98.4040768,"total":207.7252226,"children":{"CollectObservations":{"count":1655961,"self":40.152646399999995,"total":40.152648,"children":null},"WriteActionMask":{"count":1655961,"self":1.3179920999999999,"total":1.3179920999999999,"children":null},"RequestDecision":{"count":1655961,"self":4.801176,"total":67.8505043,"children":{"AgentInfo.ToProto":{"count":1655961,"self":8.6418216,"total":63.0493284,"children":{"GenerateSensorData":{"count":1655961,"self":51.6593952,"total":54.407506899999994,"children":{"RayPerceptionSensor.Perceive":{"count":1655961,"self":2.7481114,"total":2.7481114,"children":null}}}}}}}}},"DecideAction":{"count":8279801,"self":467325.94380799995,"total":467325.93330509996,"children":null},"AgentAct":{"count":8279801,"self":260.3945984,"total":262.51779899999997,"children":{"AgentInfo.ToProto":{"count":64117,"self":0.2543033,"total":2.1232018,"children":{"GenerateSensorData":{"count":64117,"self":1.7378757999999999,"total":1.8688985,"children":{"RayPerceptionSensor.Perceive":{"count":64117,"self":0.1310227,"total":0.1310227,"children":null}}}}}}}},"gauges":{"dyavoid.CumulativeReward":{"count":64117,"max":5,"min":-43585.2969,"runningAverage":-1143.19165,"value":-189.429611,"weightedAverage":-600.2245}},"metadata":{"timer_format_version":"0.1.0","start_time_seconds":"1658304247","unity_version":"2020.3.3f1c1","command_line_arguments":"D:\\RL_SR\\envs\\dyobsenvtest\\car_seg_avoid.exe -nographics -batchmode --mlagents-port 5005 -logFile D:\\RL_SR_DATA\\results\\staticavoid3\\ppo_car_static_avoid9\\run_logs\\Player-0.log","communication_protocol_version":"1.5.0","com.unity.ml-agents_version":"2.0.0-exp.1","scene_name":"ynamic ob","end_time_seconds":"1658774491"}}