{"count":1,"self":6384.4999167999995,"total":45312.6585134,"children":{"InitializeActuators":{"count":1,"self":0.0019947,"total":0.0019947,"children":null},"InitializeSensors":{"count":1,"self":0.002992,"total":0.002992,"children":null},"AgentSendState":{"count":25006452,"self":222.44848639999998,"total":473.0963058,"children":{"CollectObservations":{"count":5001291,"self":92.830342399999992,"total":92.8303416,"children":null},"WriteActionMask":{"count":5001291,"self":2.9117454,"total":2.9117454,"children":null},"RequestDecision":{"count":5001291,"self":9.6973416,"total":154.9057378,"children":{"AgentInfo.ToProto":{"count":5001291,"self":20.3008848,"total":145.208396,"children":{"GenerateSensorData":{"count":5001291,"self":119.3033344,"total":124.90751089999999,"children":{"RayPerceptionSensor.Perceive":{"count":5001291,"self":5.6041783999999994,"total":5.6041785,"children":null}}}}}}}}},"DecideAction":{"count":25006452,"self":37814.9830656,"total":37814.9845449,"children":null},"AgentAct":{"count":25006452,"self":633.60547839999992,"total":640.07096219999994,"children":{"AgentInfo.ToProto":{"count":216834,"self":0.84486569999999994,"total":6.4654707,"children":{"GenerateSensorData":{"count":216834,"self":5.2202383999999995,"total":5.6206049999999994,"children":{"RayPerceptionSensor.Perceive":{"count":216834,"self":0.40036679999999997,"total":0.40036679999999997,"children":null}}}}}}}},"gauges":{"dyavoid.CumulativeReward":{"count":216834,"max":5,"min":-65408.5156,"runningAverage":-1139.63391,"value":-1464.551,"weightedAverage":-1228.83313}},"metadata":{"timer_format_version":"0.1.0","start_time_seconds":"1656496438","unity_version":"2020.3.3f1c1","command_line_arguments":"D:\\RL_SR\\envs\\dyobsenvtest\\car_seg_avoid.exe -nographics -batchmode --mlagents-port 5005 -logFile D:\\RL_SR_DATA\\results\\dyavoid\\SAC_car_DY_avoid7\\run_logs\\Player-0.log","communication_protocol_version":"1.5.0","com.unity.ml-agents_version":"2.0.0-exp.1","scene_name":"ynamic ob","end_time_seconds":"1656541750"}}