{"count":1,"self":328.71472639999996,"total":3697.6152933,"children":{"InitializeActuators":{"count":1,"self":0.0009964,"total":0.0009964,"children":null},"InitializeSensors":{"count":1,"self":0.0049578,"total":0.0049578,"children":null},"AgentSendState":{"count":827884,"self":1.5507114,"total":122.29593729999999,"children":{"CollectObservations":{"count":165577,"self":3.6501984,"total":3.6501984999999997,"children":null},"WriteActionMask":{"count":165577,"self":0.10515859999999999,"total":0.10515859999999999,"children":null},"RequestDecision":{"count":165577,"self":0.49331709999999995,"total":116.9898688,"children":{"AgentInfo.ToProto":{"count":165577,"self":0.75796009999999991,"total":116.4965517,"children":{"GenerateSensorData":{"count":165577,"self":5.023832,"total":115.73859159999999,"children":{"CameraSensor.GetCompressedObservation":{"count":165577,"self":110.7147648,"total":110.7147596,"children":null}}}}}}}}},"DecideAction":{"count":827884,"self":3158.9353472,"total":3158.9353938,"children":null},"AgentAct":{"count":827884,"self":30.1792512,"total":87.6094284,"children":{"AgentInfo.ToProto":{"count":78799,"self":0.4074697,"total":57.4301761,"children":{"GenerateSensorData":{"count":78799,"self":2.4395165999999997,"total":57.0227064,"children":{"CameraSensor.GetCompressedObservation":{"count":78799,"self":54.5831872,"total":54.5831898,"children":null}}}}}}}},"gauges":{"carconavoid.CumulativeReward":{"count":78799,"max":4.9405,"min":-1970.21008,"runningAverage":-1.086864,"value":-1.0005,"weightedAverage":-1.00087547}},"metadata":{"timer_format_version":"0.1.0","start_time_seconds":"1656423492","unity_version":"2020.3.3f1c1","command_line_arguments":"D:\\RL_SR\\envs\\dyavoid\\car_seg_avoid.exe -nographics -batchmode --mlagents-port 5005 -logFile D:\\RL_SR_DATA\\results\\dyavoid\\SAC_car_DY_avoid2\\run_logs\\Player-0.log","communication_protocol_version":"1.5.0","com.unity.ml-agents_version":"2.0.0-exp.1","scene_name":"car","end_time_seconds":"1656427188"}}