{"count":1,"self":1759.6102655999998,"total":16186.693206599999,"children":{"InitializeActuators":{"count":1,"self":0.0019952,"total":0.0019952,"children":null},"InitializeSensors":{"count":1,"self":0.004987,"total":0.004987,"children":null},"AgentSendState":{"count":6026602,"self":9.7185544,"total":2232.1292936,"children":{"CollectObservations":{"count":1205321,"self":17.1375808,"total":17.137581,"children":null},"WriteActionMask":{"count":1205321,"self":0.639562,"total":0.639562,"children":null},"RequestDecision":{"count":1205321,"self":3.3789944,"total":2204.6335961,"children":{"AgentInfo.ToProto":{"count":1205321,"self":5.838474,"total":2201.2546018,"children":{"GenerateSensorData":{"count":1205321,"self":41.7215488,"total":2195.4161277999997,"children":{"CameraSensor.GetCompressedObservation":{"count":1205321,"self":2153.6946176,"total":2153.6945797999997,"children":null}}}}}}}}},"DecideAction":{"count":6026602,"self":12053.637529599999,"total":12053.637366899999,"children":null},"AgentAct":{"count":6026602,"self":130.48538879999998,"total":141.3093332,"children":{"AgentInfo.ToProto":{"count":6037,"self":0.0344224,"total":10.823946399999999,"children":{"GenerateSensorData":{"count":6037,"self":0.2397316,"total":10.789524,"children":{"CameraSensor.GetCompressedObservation":{"count":6037,"self":10.549792,"total":10.5497924,"children":null}}}}}}}},"gauges":{"carconavoid.CumulativeReward":{"count":6037,"max":-1.00001872,"min":-1910.23425,"runningAverage":-5.75011158,"value":-1.00001872,"weightedAverage":-1.00312769}},"metadata":{"timer_format_version":"0.1.0","start_time_seconds":"1661311050","unity_version":"2020.3.3f1c1","command_line_arguments":"D:\\RL_SR\\envs\\dyobsovid3\\car_seg_avoid.exe --mlagents-port 5009 -logFile D:\\RL_SR_DATA\\results\\dynamdyobs2\\dyobs2_30\\run_logs\\Player-0.log","communication_protocol_version":"1.5.0","com.unity.ml-agents_version":"2.0.0-exp.1","scene_name":"car","end_time_seconds":"1661327237"}}