{"count":1,"self":8240.80384,"total":50625.241318,"children":{"InitializeActuators":{"count":1,"self":0.00099629999999999988,"total":0.00099629999999999988,"children":null},"InitializeSensors":{"count":1,"self":0.0049863,"total":0.0049863,"children":null},"AgentSendState":{"count":22146123,"self":48.5083136,"total":3968.8338074,"children":{"CollectObservations":{"count":4429225,"self":109.028224,"total":109.0282184,"children":null},"WriteActionMask":{"count":4429225,"self":3.4219952,"total":3.421995,"children":null},"RequestDecision":{"count":4429225,"self":14.810033599999999,"total":3807.8752811,"children":{"AgentInfo.ToProto":{"count":4429225,"self":27.2502304,"total":3793.0652476,"children":{"GenerateSensorData":{"count":4429225,"self":165.5810304,"total":3765.8150185,"children":{"CameraSensor.GetCompressedObservation":{"count":4429225,"self":3600.2340864,"total":3600.2339936999997,"children":null}}}}}}}}},"DecideAction":{"count":22146123,"self":37655.6388352,"total":37655.637739599995,"children":null},"AgentAct":{"count":22146123,"self":747.6097024,"total":759.95761599999992,"children":{"AgentInfo.ToProto":{"count":14769,"self":0.097079699999999991,"total":12.3479225,"children":{"GenerateSensorData":{"count":14769,"self":0.5474597,"total":12.2508428,"children":{"CameraSensor.GetCompressedObservation":{"count":14769,"self":11.7033832,"total":11.7033831,"children":null}}}}}}}},"gauges":{"carconavoid.CumulativeReward":{"count":14769,"max":-1.00001872,"min":-1885.2428,"runningAverage":-3.59393573,"value":-1.00001872,"weightedAverage":-1.00001884}},"metadata":{"timer_format_version":"0.1.0","start_time_seconds":"1659869564","unity_version":"2020.3.3f1c1","command_line_arguments":"D:\\RL_SR\\envs\\dyobsovid3\\car_seg_avoid.exe -nographics -batchmode --mlagents-port 5005 -logFile D:\\RL_SR_DATA\\results\\dynamicobsavoid2\\ppo_car_dyobs1\\run_logs\\Player-0.log","communication_protocol_version":"1.5.0","com.unity.ml-agents_version":"2.0.0-exp.1","scene_name":"car","end_time_seconds":"1659920189"}}