{"count":1,"self":2789.4738944,"total":10029.510838299999,"children":{"InitializeActuators":{"count":1,"self":0.0019942,"total":0.0019942,"children":null},"InitializeSensors":{"count":1,"self":0.0059851999999999995,"total":0.0059851999999999995,"children":null},"AgentSendState":{"count":501001,"self":12.646297599999999,"total":310.2230161,"children":{"CollectObservations":{"count":101001,"self":0.2340795,"total":0.2340795,"children":null},"WriteActionMask":{"count":101001,"self":0.1578348,"total":0.1578348,"children":null},"RequestDecision":{"count":101001,"self":0.3485068,"total":297.1848043,"children":{"AgentInfo.ToProto":{"count":101001,"self":0.543671,"total":296.8362975,"children":{"GenerateSensorData":{"count":101001,"self":4.1620224,"total":296.2926265,"children":{"CameraSensor.GetCompressedObservation":{"count":101001,"self":291.37628159999997,"total":291.3762844,"children":null},"RayPerceptionSensor.Perceive":{"count":101001,"self":0.7543196,"total":0.7543196,"children":null}}}}}}}}},"DecideAction":{"count":501001,"self":6906.2639616,"total":6906.2643542,"children":null},"AgentAct":{"count":501001,"self":21.4329392,"total":23.5396891,"children":{"AgentInfo.ToProto":{"count":857,"self":0.0049867999999999996,"total":2.1067492999999997,"children":{"GenerateSensorData":{"count":857,"self":0.037045299999999996,"total":2.1017625,"children":{"CameraSensor.GetCompressedObservation":{"count":857,"self":2.0577388,"total":2.0577389,"children":null},"RayPerceptionSensor.Perceive":{"count":857,"self":0.0069783,"total":0.0069783,"children":null}}}}}}}},"gauges":{"limocaragent.CumulativeReward":{"count":857,"max":30,"min":-1,"runningAverage":4.919484,"value":10,"weightedAverage":7.91834068}},"metadata":{"timer_format_version":"0.1.0","start_time_seconds":"1661137785","unity_version":"2021.3.4f1c1","command_line_arguments":"D:\\RL_SR\\envs\\limocar_cxz\\AURP.exe --mlagents-port 5004","communication_protocol_version":"1.5.0","com.unity.ml-agents_version":"2.0.1","scene_name":"baselimocar","end_time_seconds":"1661147815"}}